Release Week Analysis
=======================

Z values > confidence score of 1.96 are statistically significant
-----------------------------------------------------------------

Week 34 (08-20 - 08-26): Stats{numMovies=669, numSuccessful=99, confidenceInterval=-0.03, z=-12.46}
Week 27 (07-02 - 07-08): Stats{numMovies=587, numSuccessful=87, confidenceInterval=-0.03, z=-12.34}
Week 4 (01-22 - 01-28): Stats{numMovies=743, numSuccessful=111, confidenceInterval=-0.03, z=-11.95}
Week 2 (01-08 - 01-14): Stats{numMovies=443, numSuccessful=67, confidenceInterval=-0.03, z=-11.18}
Week 10 (03-05 - 03-11): Stats{numMovies=751, numSuccessful=115, confidenceInterval=-0.03, z=-10.57}
Week 28 (07-09 - 07-15): Stats{numMovies=544, numSuccessful=84, confidenceInterval=-0.03, z=-10.04}
Week 53 (12-31 - 01-06): Stats{numMovies=135, numSuccessful=21, confidenceInterval=-0.03, z=-9.51}
Week 30 (07-23 - 07-29): Stats{numMovies=543, numSuccessful=86, confidenceInterval=-0.02, z=-8.57}
Week 13 (03-26 - 04-01): Stats{numMovies=669, numSuccessful=108, confidenceInterval=-0.02, z=-7.46}
Week 5 (01-29 - 02-04): Stats{numMovies=711, numSuccessful=115, confidenceInterval=-0.02, z=-7.36}
Week 14 (04-02 - 04-08): Stats{numMovies=748, numSuccessful=122, confidenceInterval=-0.02, z=-6.86}
Week 23 (06-04 - 06-10): Stats{numMovies=813, numSuccessful=134, confidenceInterval=-0.02, z=-6.23}
Week 32 (08-06 - 08-12): Stats{numMovies=690, numSuccessful=114, confidenceInterval=-0.02, z=-6.06}
Week 31 (07-30 - 08-05): Stats{numMovies=623, numSuccessful=104, confidenceInterval=-0.01, z=-5.42}
Week 29 (07-16 - 07-22): Stats{numMovies=580, numSuccessful=97, confidenceInterval=-0.01, z=-5.30}
Week 26 (06-25 - 07-01): Stats{numMovies=638, numSuccessful=107, confidenceInterval=-0.01, z=-5.13}
Week 19 (05-07 - 05-13): Stats{numMovies=676, numSuccessful=114, confidenceInterval=-0.01, z=-4.79}
Week 45 (11-05 - 11-11): Stats{numMovies=871, numSuccessful=148, confidenceInterval=-0.01, z=-4.34}
Week 35 (08-27 - 09-02): Stats{numMovies=806, numSuccessful=138, confidenceInterval=-0.01, z=-3.85}
Week 24 (06-11 - 06-17): Stats{numMovies=689, numSuccessful=118, confidenceInterval=-0.01, z=-3.82}
Week 25 (06-18 - 06-24): Stats{numMovies=607, numSuccessful=105, confidenceInterval=-0.01, z=-3.17}
Week 9 (02-26 - 03-04): Stats{numMovies=699, numSuccessful=121, confidenceInterval=-0.01, z=-3.13}
Week 33 (08-13 - 08-19): Stats{numMovies=708, numSuccessful=123, confidenceInterval=-0.01, z=-2.90}
Week 20 (05-14 - 05-20): Stats{numMovies=776, numSuccessful=135, confidenceInterval=-0.01, z=-2.82}
Week 7 (02-12 - 02-18): Stats{numMovies=746, numSuccessful=131, confidenceInterval=-0.01, z=-2.21}
Week 18 (04-30 - 05-06): Stats{numMovies=789, numSuccessful=139, confidenceInterval=-0.01, z=-2.00}
Week 12 (03-19 - 03-25): Stats{numMovies=740, numSuccessful=131, confidenceInterval=-0.00, z=-1.68}
Week 1 (01-01 - 01-07): Stats{numMovies=392, numSuccessful=70, confidenceInterval=-0.00, z=-1.10}
Week 16 (04-16 - 04-22): Stats{numMovies=735, numSuccessful=132, confidenceInterval=-0.00, z=-0.73}
Week 15 (04-09 - 04-15): Stats{numMovies=671, numSuccessful=121, confidenceInterval=-0.00, z=-0.45}
Week 3 (01-15 - 01-21): Stats{numMovies=703, numSuccessful=127, confidenceInterval=-0.00, z=-0.33}
Week 17 (04-23 - 04-29): Stats{numMovies=830, numSuccessful=151, confidenceInterval=0.00, z=0.14}
Week 37 (09-10 - 09-16): Stats{numMovies=1245, numSuccessful=227, confidenceInterval=0.00, z=0.30}
Week 48 (11-26 - 12-02): Stats{numMovies=752, numSuccessful=138, confidenceInterval=0.00, z=0.73}
Week 11 (03-12 - 03-18): Stats{numMovies=773, numSuccessful=142, confidenceInterval=0.00, z=0.80}
Week 6 (02-05 - 02-11): Stats{numMovies=786, numSuccessful=148, confidenceInterval=0.01, z=2.51}
Week 49 (12-03 - 12-09): Stats{numMovies=772, numSuccessful=146, confidenceInterval=0.01, z=2.82}
Week 51 (12-17 - 12-23): Stats{numMovies=869, numSuccessful=165, confidenceInterval=0.01, z=3.11}
Week 36 (09-03 - 09-09): Stats{numMovies=1120, numSuccessful=218, confidenceInterval=0.01, z=4.92}
Week 39 (09-24 - 09-30): Stats{numMovies=877, numSuccessful=171, confidenceInterval=0.01, z=5.01}
Week 22 (05-28 - 06-03): Stats{numMovies=619, numSuccessful=121, confidenceInterval=0.01, z=5.16}
Week 41 (10-08 - 10-14): Stats{numMovies=1005, numSuccessful=197, confidenceInterval=0.01, z=5.42}
Week 40 (10-01 - 10-07): Stats{numMovies=1108, numSuccessful=218, confidenceInterval=0.02, z=5.71}
Week 46 (11-12 - 11-18): Stats{numMovies=829, numSuccessful=164, confidenceInterval=0.02, z=6.07}
Week 8 (02-19 - 02-25): Stats{numMovies=629, numSuccessful=125, confidenceInterval=0.02, z=6.37}
Week 43 (10-22 - 10-28): Stats{numMovies=881, numSuccessful=175, confidenceInterval=0.02, z=6.38}
Week 42 (10-15 - 10-21): Stats{numMovies=967, numSuccessful=193, confidenceInterval=0.02, z=6.75}
Week 21 (05-21 - 05-27): Stats{numMovies=766, numSuccessful=154, confidenceInterval=0.02, z=7.25}
Week 44 (10-29 - 11-04): Stats{numMovies=866, numSuccessful=177, confidenceInterval=0.02, z=8.52}
Week 47 (11-19 - 11-25): Stats{numMovies=751, numSuccessful=156, confidenceInterval=0.03, z=9.74}
Week 38 (09-17 - 09-23): Stats{numMovies=1040, numSuccessful=217, confidenceInterval=0.03, z=10.16}
Week 50 (12-10 - 12-16): Stats{numMovies=755, numSuccessful=160, confidenceInterval=0.03, z=11.30}
Week 52 (12-24 - 12-30): Stats{numMovies=820, numSuccessful=194, confidenceInterval=0.06, z=20.51}
